itemName,predictions,probs,model_version
cafe-pie,"I'm sorry, we do not have raspberry cake today. However, we do have a delicious raspberry pie that you might enjoy. Would you like to try that instead?",-0.18530453652452944,gpt-4-0613
cafe-pie,"I'm sorry, we don't have raspberry cake today, but we do have a delicious raspberry pie that you might enjoy. Would you like to try that?",-0.19552281654237502,gpt-4-0613
cafe-pie,"I'm sorry, but we don't have raspberry cake today. However, we do have a delicious raspberry pie that you might enjoy.",-0.09491495246948149,gpt-4-0613
cafe-pie,"I'm sorry, but we do not have raspberry cake today. However, we do have a delicious raspberry pie that you might enjoy.",-0.1469118221727778,gpt-4-0613
cafe-pie,"I'm sorry, but we don't have raspberry cake today. However, we do have a delicious raspberry pie that you might enjoy.",-0.10589830640218517,gpt-4-0613
cafe-pizza,"I'm sorry, we currently do not have veggie pizza on our menu today. We do have cheese pizza and pepperoni pizza available. We also have a delicious raspberry pie for dessert. Is there anything else I can assist you with?",-0.24734246656254166,gpt-4-0613
cafe-pizza,"I'm sorry, today we only have cheese and pepperoni pizza available. However, our cheese pizza is a great option if you prefer a meat-free meal.",-0.47807273505862496,gpt-4-0613
cafe-pizza,"I'm sorry, we don't have veggie pizza today. However, we do have cheese pizza, which might suit your dietary preference.",-0.6475273051550893,gpt-4-0613
cafe-pizza,"I'm sorry, but today we only have cheese pizza and pepperoni pizza available. However, we can definitely make a cheese pizza without any meat if that works for you.",-0.3887880259519514,gpt-4-0613
cafe-pizza,"I'm sorry, but currently we only have cheese and pepperoni pizza available. However, our cheese pizza is a great choice and you can consider adding a side salad for some extra vegetables.",-0.5943612457393684,gpt-4-0613
bar-whiteWine,"I'm sorry, we don't have Sauvignon Blanc. However, we do have a very nice Chardonnay, a selection of craft beers and iced coffee. May I recommend something from those options for you?",-0.4335338510736804,gpt-4-0613
bar-whiteWine,"I'm sorry, we don't currently carry Sauvignon Blanc. However, we do have a wonderful Chardonnay that I believe you might enjoy. It's wonderfully balanced, with notes of apple and oak. Or perhaps you might prefer something different like our craft beer or iced coffee?",-167.27973682625668,gpt-4-0613
bar-whiteWine,"I'm sorry, we only serve Chardonnay when it comes to wine. Would you like a glass of that instead?",-0.30941717358549997,gpt-4-0613
bar-whiteWine,"I'm sorry, we don't serve Sauvignon Blanc here. However, we do have a very fine Chardonnay, along with craft beer and iced coffee. Would you like to try one of those options?",-0.39591608662340444,gpt-4-0613
bar-whiteWine,"I'm sorry, we only serve Chardonnay as our wine selection, as well as craft beer and iced coffee. If you're looking for something similar to Sauvignon Blanc, you might enjoy our Chardonnay. It's very soothing and has a smooth finish.",-172.95360278036628,gpt-4-0613
bar-tea,"I'm sorry, we don't currently carry iced tea. However, we do have a selection of iced coffee, soda, and Chardonnay. May I suggest one of those instead?",-0.3575787141238122,gpt-4-0613
bar-tea,"I'm sorry, we don't currently have iced tea. However, we do have delicious iced coffee, a variety of sodas, or Chardonnay if you prefer.",-0.4673764396263816,gpt-4-0613
bar-tea,"I'm sorry, ma'am, we currently only offer iced coffee, soda, and Chardonnay. Can I interest you in any of these instead?",-0.4165618618786697,gpt-4-0613
bar-tea,"I'm sorry, we don't have iced tea. However, we do serve iced coffee, soda, and Chardonnay. Can I offer you one of those instead?",-0.1985318253218197,gpt-4-0613
bar-tea,"I'm sorry, ma'am, we do not serve iced tea. However, we do have iced coffee, soda, and Chardonnay. Could I interest you in one of those?",-0.2846863466966341,gpt-4-0613
touristInfo-childTheatre,"I'm sorry, there aren't any theater performances for children happening today. However, we do have a circus show which would be ideal for children. The trade fare might also have some attractions suitable for kids. Additionally, there's a club event with a hip hop DJ, but that might be better suited for adults.",-0.6758728147442656,gpt-4-0613
touristInfo-childTheatre,"I'm sorry, but there isn't a specific theatre performance for children today. However, there is a circus show happening which can be quite enjoyable and a suitable entertainment for children.",-278.2981672415701,gpt-4-0613
touristInfo-childTheatre,"I'm sorry, but there are no theatre performances for children scheduled today. However, we do have a circus show that is very popular with our younger visitors. It's held in a family-friendly environment and is definitely entertaining. Also, there might be some fun activities for kids at the trade fare.",-167.3052332741731,gpt-4-0613
touristInfo-childTheatre,"I'm sorry, but there isn't a theatre performance for children scheduled today. However, there are other interesting events happening. There is a circus show which could be a fun experience for children. There's also a trade fair where various stalls and activities might be interesting. Please let me know if you need any further information",-0.73772184011,gpt-4-0613
touristInfo-childTheatre,"I'm sorry, there's no theatre performance for children today. However, there's a circus show that children tend to love. It has plenty of exciting acts that are sure to entertain them. Would you like more information on that?",-0.6168476727003405,gpt-4-0613
touristInfo-clubbing,"I'm sorry, today we have a club event with a hip hop DJ, along with live jazz music and a circus show. There aren't any events with electronic music today.",-0.6215545893316056,gpt-4-0613
touristInfo-clubbing,"I'm sorry, but today's club event features a hip hop DJ. However, in addition to that, we also have live jazz music and a circus show happening. If you're interested in electronic music, I can help you find information about future events or venues in town that typically feature electronic music.",-0.4171352920114263,gpt-4-0613
touristInfo-clubbing,"I'm sorry, but today we have a club event featuring a hip hop DJ, but no electronic music events are scheduled. However, there's also a live jazz music performance and a circus show taking place. Let me know if you're interested in any of these or if you would like information on different types of activities",-0.6571264813589281,gpt-4-0613
touristInfo-clubbing,"I'm sorry, but today we don't have any club events featuring electronic music. However, we do have a club event with a hip-hop DJ which might interest you. Additionally, we also have live jazz music and a circus show happening. Would you like further information on any of these?",-0.43094298847854245,gpt-4-0613
touristInfo-clubbing,"I'm sorry, but today we don't have a club event featuring electronic music. However, we do have a club event with a hip hop DJ. There is also live jazz music available and a circus show. Would any of these interest you?",-0.31695293425936,gpt-4-0613
bookingAgency-lowClassAccommodation,"I'm sorry, but the youth hostel is fully booked for tomorrow night. However, we do have a room in a cheap bed-and-breakfast, a room in a budget hotel, and a suite in a four-star hotel available. Would any of these options suit your needs?",-0.09284498261424375,gpt-4-0613
bookingAgency-lowClassAccommodation,"I'm sorry, we currently don't have any beds available in the youth hostel for tomorrow night. However, we do have some other options available such as a room in a cheap bed-and-breakfast, a room in a budget hotel, or a suite in a four-star hotel. Could any of these options work for",-0.2947186593123281,gpt-4-0613
bookingAgency-lowClassAccommodation,"I'm sorry, but we currently don't have any available beds in the youth hostel for tomorrow night. However, we do have a room in a cheap bed-and-breakfast, a room in a budget hotel, and a suite in a four-star hotel. Would any of these options interest you?",-0.12943814930481082,gpt-4-0613
bookingAgency-lowClassAccommodation,"I'm sorry, but the youth hostel is currently fully booked for tomorrow night. However, we do have a room in a cheap bed-and-breakfast, a room in a budget hotel, and a suite in a four-star hotel available. Would any of these options be suitable for you?",-0.15031761808613187,gpt-4-0613
bookingAgency-lowClassAccommodation,"I'm sorry, but all rooms in the youth hostel are currently booked for tomorrow night. However, we do have other options that might interest you. We have a room in a budget hotel, a room in a cheap bed-and-breakfast, and even a suite in a four-star hotel available. Please let me know",-0.484286491742,gpt-4-0613
bookingAgency-highClassAccommodation,"I'm sorry, sir, but we currently do not have any available rooms in five-star hotels for tomorrow night. However we do have other options available such as a suite in a four-star hotel, a premium apartment close to the city, and a room in a budget-friendly bed-and-breakfast. Would any of these",-0.5354602655026437,gpt-4-0613
bookingAgency-highClassAccommodation,"I'm sorry, but we don't have any available rooms in a five-star hotel for tomorrow night. However, we do have a suite in a four-star hotel, an expensive apartment in the city, or a room in a more budget-friendly bed-and-breakfast. Can I assist you with booking one of those?",-0.33849789124959845,gpt-4-0613
bookingAgency-highClassAccommodation,"I'm sorry, but we currently don't have any available rooms in a five-star hotel for tomorrow night. However, we do have a suite in a four-star hotel, an expensive apartment close to the city, or a room in a cheap bed-and-breakfast available. Would any of these options work for you?",-0.18086535324384764,gpt-4-0613
bookingAgency-highClassAccommodation,"I'm sorry, sir. Unfortunately, we don't have any available single rooms in a five-star hotel for tomorrow night. However, we do have a suite in a four-star hotel, an expensive apartment close to the city, and a room in a budget-friendly bed-and-breakfast. Would any of these accommodations interest",-0.24515868449724454,gpt-4-0613
bookingAgency-highClassAccommodation,"I'm sorry sir, but we currently don't have any available single rooms in a five-star hotel for tomorrow night. However, we do have a suite in a four-star hotel, an expensive apartment close to the city, and a room in a cheap bed-and-breakfast. Would any of these options be suitable for",-0.1546117559275208,gpt-4-0613
waterSport-motor,"I'm sorry, but currently our agency primarily focuses on water ski equipment, rubber dinghies, and kayaks. We do not rent out jet skis. However, we can certainly assist you in finding other exciting and enjoyable water sports activities.",-0.60132385348854,gpt-4-0613
waterSport-motor,"I'm sorry, but at this time our agency only rents water ski equipment, rubber dinghies, and kayaks. We do not have jet skis available for rental. However, we'd be more than happy to assist you with any other water sports equipment you might be interested in.",-0.3575854234757729,gpt-4-0613
waterSport-motor,"I'm sorry for the inconvenience, but currently we only rent out water ski equipment, rubber dinghies, and kayaks. We do not have jet skis available for rent. However, we can recommend other local businesses that may have jet skis available for rent.",-0.41557904865368,gpt-4-0613
waterSport-motor,"I'm sorry, but we do not rent jet skis at our agency. However, we do offer a range of other water sport equipment such as water skis, rubber dinghies, and kayaks. Would any of these items interest you?",-0.43158966995108433,gpt-4-0613
waterSport-motor,"I'm sorry, but we currently do not rent jet skis. However, we do have a great selection of water ski equipment, rubber dinghies, and kayaks available for rent. Would any of these interest you?",-0.26136625905702393,gpt-4-0613
waterSport-muscle,"I'm sorry, we do not currently offer canoe rentals. However, we do have kayaks and pedal boats available. Would either of those be of interest to you?",-0.37941729854323525,gpt-4-0613
waterSport-muscle,"I'm sorry for any inconvenience, but we do not currently rent canoes. However, we do have kayaks and pedal boats available for rent, which are popular alternatives.",-0.4669596458557715,gpt-4-0613
waterSport-muscle,"I'm sorry, but we don't rent canoes. We do, however, offer kayaks, pedal boats, and water ski equipment for rent. Would any of these alternatives work for you?",-0.47933790805072507,gpt-4-0613
waterSport-muscle,"I'm sorry, we do not currently rent canoes, but we have a great selection of kayaks and pedal boats available. We also offer water ski equipment. Would any of these alternatives suit your needs?",-0.4924979417068166,gpt-4-0613
waterSport-muscle,"I'm sorry, but we currently don't rent out canoes. However, we do have kayaks and pedal boats available for rent. These can provide a similar experience on the water. Would you be interested in renting one of these?",-0.31854330693746874,gpt-4-0613
dutyFree-smokes,"I'm sorry, we don't currently stock cigars on this flight, sir. However, we do have a variety of other items available, including cigarettes, gin, and gingerbread. Is there something else I may assist you with?",-0.7464221187587236,gpt-4-0613
dutyFree-smokes,"I'm sorry, but we currently do not have cigars available. Our duty-free products on this flight include cigarettes, gin, and gingerbread. Is there anything else I can assist you with?",-0.3974949618379667,gpt-4-0613
dutyFree-smokes,"I'm sorry, sir, we don't presently have cigars for sale in our duty-free catalogue. However, we do have cigarettes, gin, and gingerbread available. Can I assist you with any of these items instead?",-0.9131389867826667,gpt-4-0613
dutyFree-smokes,"I'm sorry, we currently don't have cigars available. However, we do have cigarettes if you'd be interested. Would you like to purchase anything else? We also have gin and gingerbread on offer.",-0.525526502296381,gpt-4-0613
dutyFree-smokes,"I'm sorry for the inconvenience, but we currently do not sell cigars. Our available duty-free items are cigarettes, gin, and gingerbread. May I assist you with one of these items, or is there something else you need?",-0.4784097209153255,gpt-4-0613
dutyFree-sweets,"We don't have cookies specifically, but we do have some delicious gingerbread available. It's very similar to a cookie, would you like some of that?",-0.6092106430377624,gpt-4-0613
dutyFree-sweets,"While we don't have traditional cookies for sale, we do offer delicious gingerbread. Would you like to try some?",-0.5512115890548417,gpt-4-0613
dutyFree-sweets,"While we don't have traditional cookies on board, we do have delicious gingerbread which has a delightful cookie-like texture. Would you like to try some?",-0.36254326902833556,gpt-4-0613
dutyFree-sweets,"We currently don't have cookies on board, however, we do have delicious gingerbread which is quite similar. Would you like to give it a try?",-0.5121706380982581,gpt-4-0613
dutyFree-sweets,"We don't have cookies, unfortunately. However, we do have gingerbread and granola bars available. Would you like to try any of these instead?",-0.5372221780185655,gpt-4-0613
clothing-clothes,"I'm sorry, but we don't currently carry Hawaiian shirts. However, we do have a variety of shorts, sweatshirts, and necklaces. Perhaps there's something else I can help you find?",-0.45964236077318205,gpt-4-0613
clothing-clothes,"I'm sorry, we currently do not have any Hawaiian shirts in stock. However, we do have an assortment of shorts, sweatshirts, and necklaces available. Is there another item I can assist you with?",-0.45118666847492056,gpt-4-0613
clothing-clothes,"I'm sorry, we currently don't have any Hawaiian shirts in stock. However, we do have a range of designer shorts, sweatshirts and necklaces available. Perhaps there is something else I can assist you with?",-0.41461130521942663,gpt-4-0613
clothing-clothes,"I'm sorry, currently we do not have any Hawaiian shirts in stock. We do, however, have shorts, sweatshirts, and necklaces. Would you be interested in taking a look at these items?",-0.4123776762447094,gpt-4-0613
clothing-clothes,"I'm sorry, we currently do not have any Hawaiian shirts in stock. However, we do have a variety of shorts, sweatshirts, and necklaces. Please let me know if you're interested in any of these items.",-0.2294988117527022,gpt-4-0613
clothing-acc,"I'm sorry, at the moment we do not carry earrings. However, we have a great selection of necklaces and sunglasses that could complement your style.",-0.4537992772347742,gpt-4-0613
clothing-acc,"I'm sorry, but we currently do not have any earrings in stock. We do have an interesting collection of necklaces, sunglasses, and shorts available. May I assist you in finding something else today?",-0.47022027012513656,gpt-4-0613
clothing-acc,"I'm sorry, currently we do not have any earrings in stock. We do carry a variety of necklaces, sunglasses, and shorts though. Would there be anything else you're interested in?",-0.4499990562110769,gpt-4-0613
clothing-acc,"I'm sorry, but we currently don't carry earrings. We do have a selection of other accessories like necklaces and sunglasses though.",-0.4063435526550074,gpt-4-0613
clothing-acc,"I'm sorry, we currently do not have earrings in our inventory. However, we do have a variety of beautiful necklaces and stylish sunglasses that you might be interested in.",-0.39549301248457147,gpt-4-0613
petAdoption-dogs,"I'm sorry, but we currently don't have any Dalmatians available for adoption. However, we do have golden retrievers and chihuahuas, as well as gerbils. Would you be interested in meeting any of these animals?",-0.14324349418322843,gpt-4-0613
petAdoption-dogs,"I'm sorry, but currently, we do not have any Dalmatians. We do have golden retrievers and chihuahuas which are both fantastic breeds for families, as well as some gerbils. Would you be interested in meeting any of these animals?",-0.47501142612123276,gpt-4-0613
petAdoption-dogs,"I'm sorry, at the moment we don't have any Dalmatians. However, we do have lovely golden retrievers and chihuahuas, along with some adorable gerbils. Would you be interested in meeting any of them?",-0.283262815830474,gpt-4-0613
petAdoption-dogs,"I'm sorry, at the moment we don't have any Dalmatians. However, we do have lovely Golden Retrievers, Chihuahuas, and some friendly Gerbils available for adoption. Would you like to meet some of them?",-0.4105124632972986,gpt-4-0613
petAdoption-dogs,"I'm sorry, at the moment we do not have any Dalmatians. We do, however, have adorable golden retrievers and chihuahuas, as well as some cute gerbils. If you're interested, we can also add you to a waiting list and contact you when a Dalmat",-0.4564691438155039,gpt-4-0613
petAdoption-hamster,"I'm sorry, we currently don't have any hamsters. However, we do have gerbils, ferrets, and golden retrievers available for adoption. Can I provide any other help?",-0.633083202709275,gpt-4-0613
petAdoption-hamster,"I'm sorry, we currently don't have any hamsters. However, we do have gerbils, ferrets, and golden retrievers available for adoption.",-0.1295342670965394,gpt-4-0613
petAdoption-hamster,"I'm sorry, but we currently do not have any hamsters available. However, we do have gerbils, ferrets, and golden retrievers looking for loving homes if you're interested in any of these animals.",-0.31690411835454446,gpt-4-0613
petAdoption-hamster,"I'm sorry, currently we do not have any hamsters. We do have gerbils, ferrets, and golden retrievers available for adoption. Might you be interested in one of these animals?",-0.4144378698291951,gpt-4-0613
petAdoption-hamster,"I'm sorry, we don't currently have any hamsters available. We do, however, have gerbils, ferrets, and golden retrievers. They all deserve a loving home. Could any of those animals interest you?",-0.6927934473201708,gpt-4-0613
books-romance,"I'm sorry, we currently don't have a book specifically dedicated to love poems. However, we do have a collection of French love letters that might interest you. It contains some beautifully expressed emotions that are very poetic. Would that work for you?",-0.43841656843164606,gpt-4-0613
books-romance,"I'm sorry, but we currently don't have a book of love poems in stock. However, we do have a book of French love letters which might interest you as well as a variety of romantic historical dramas. I can also take note of your request and inform you when we have a book of love poems in stock",-0.5113114428959376,gpt-4-0613
books-romance,"I'm sorry, but unfortunately, we don't have a book of love poems currently in stock. However, we do have a beautiful collection of French love letters that you may enjoy. They are quite poetic in their expression. Would you be interested in that?",-0.6986066326665578,gpt-4-0613
books-romance,"I'm sorry, we currently don't have any specific books of love poems in stock. However, we do have a book of French love letters that might interest you. It's full of beautiful, heartfelt expressions of love and some of the letters even read like poetry. We also have a variety of romantic novels and historical",-156.76345738889526,gpt-4-0613
books-romance,"I'm sorry, but we currently don't have any books of love poems in stock. However, we have a collection of French love letters, historical dramas, and mystery novels. If you're interested in romantic literature, the French love letters might be a good choice. If it's specifically love poems you're after,",-0.49109067411918744,gpt-4-0613
books-fantasy,"I'm sorry, we currently do not have psychological thrillers in stock. However, we do have a range of mystery novels which you might find interesting. Is there anything else you are looking for?",-0.44740828825895,gpt-4-0613
books-fantasy,I'm afraid we don't currently stock psychological thrillers. We do have a great range of mystery novels which often include psychological elements. Would you like to have a look at those?,-0.6691044591326933,gpt-4-0613
books-fantasy,"I'm sorry, we currently don't have psychological thrillers in our existing collection. However, we do stock mystery novels that often include suspense and intrigue similar to psychological thrillers. Would you like to take a look at those?",-0.7840479498060036,gpt-4-0613
books-fantasy,"I'm sorry, at the moment we only carry mystery and adventure novels along with books of French love letters. However, some of our mystery novels have psychological aspects to them that you might find interesting.",-0.46579816322909995,gpt-4-0613
books-fantasy,"I'm sorry, but at the moment we don't carry psychological thrillers. However, we do have a beautiful selection of mystery novels that you may enjoy. Some of them have psychological elements that you might find intriguing.",-227.70622922469713,gpt-4-0613
electronics-laptop,"I'm sorry, currently we only have a MacBook Air available. We don't have a MacBook Pro in stock right now. However, we can always inform you when we do get one. Would you like us to do that?",-0.36849487791852165,gpt-4-0613
electronics-laptop,"I'm sorry, but we currently don't have a MacBook Pro in our inventory. However, we do have a MacBook Air and a desktop computer. Is there any other specific electronic device you are looking for?",-0.5234331389090239,gpt-4-0613
electronics-laptop,"I'm sorry, currently we have a MacBook Air in stock, but we do not have a MacBook Pro available at this moment. However, our inventory changes regularly, so you may want to check back later. Is there anything else you're interested in today, perhaps the MacBook Air or an Xbox?",-0.5377076024070498,gpt-4-0613
electronics-laptop,"I'm sorry, but at the moment we only have a MacBook Air available. However, we often receive new inventory, so we might have a MacBook Pro available in the near future. Would you like me to inform you if and when one becomes available?",-0.5646380241111568,gpt-4-0613
electronics-laptop,"I'm sorry, we currently do not have any MacBook Pros in stock. We do have a MacBook Air and a desktop computer available right now. We also have an Xbox if that interests you. Can I assist you with any further information about these items?",-0.5474418677059608,gpt-4-0613
electronics-console,"I'm sorry, we currently don't have any PlayStations in stock. However, we do have an Xbox and a Gameboy available. If you have a specific PlayStation model in mind, we can keep an eye out for you and notify you when one comes in.",-0.4438133350477937,gpt-4-0613
electronics-console,"I'm sorry, at the moment we only have an Xbox, a Gamebook, and a MacBook Air in stock. We don't currently have a PlayStation, but we regularly receive new items. Would you like me to let you know when we receive a PlayStation?",-0.43040760902883973,gpt-4-0613
electronics-console,"I'm sorry, currently we only have an Xbox and a Gameboy in terms of gaming consoles. We do not have any PlayStations at the moment. However, we regularly update our stock, so it might be worth checking back in a few days. Is there anything else you're looking for today?",-0.36887114315098224,gpt-4-0613
electronics-console,"I'm sorry, we currently don't have a PlayStation in our inventory. However, we do have an Xbox and a Gameboy available. We also have a MacBook Air if you're interested in a computer. We receive new items regularly, so feel free to check back later for a PlayStation.",-0.3951807511991017,gpt-4-0613
electronics-console,"I'm sorry, currently we only have an Xbox, a Gameboy, and a MacBook Air in stock. We don't have a PlayStation at the moment. Would you like to look at any of the other items we have?",-0.2895989108022848,gpt-4-0613
gym-yoga,"I'm sorry, at the moment we don't offer yoga classes. However, we do have pilates, zumba and kickboxing classes available, which you might find interesting.",-0.3291565091211666,gpt-4-0613
gym-yoga,"I'm sorry, at the moment we do not offer yoga classes. We do offer pilates, zumba, and kickboxing classes, which are great alternatives. I can help you sign up for these or provide more information if you're interested.",-0.5484957951155599,gpt-4-0613
gym-yoga,"I'm sorry, but we currently do not offer yoga classes. However, we do have Pilates, Zumba, and kickboxing classes that you might enjoy. Would you like more information on these?",-0.29731366684257804,gpt-4-0613
gym-yoga,"I'm sorry for the inconvenience, but at the moment we do not offer yoga classes. We do, however, have pilates, zumba, and kickboxing classes available. Would any of these interest you?",-0.33606984845729304,gpt-4-0613
gym-yoga,"I'm sorry, but we currently do not offer yoga classes. We do have pilates, zumba, and kickboxing classes available. If you're interested, I can provide you with a schedule of these classes.",-0.3098271461731659,gpt-4-0613
gym-boxing,"I'm sorry, currently we do not have boxing classes. However, we do offer kickboxing and karate classes, which have aspects of boxing in their technique. You might find these to be good alternatives.",-0.9159324442768606,gpt-4-0613
gym-boxing,"I'm sorry, we currently do not offer boxing classes. However, we do have kickboxing and karate classes which might interest you. They both involve elements of punching and striking techniques similar to boxing. We also offer Pilates for total body workout.",-0.5657429441755,gpt-4-0613
gym-boxing,"I'm sorry, we currently do not offer boxing classes, however, we do have kickboxing and karate classes which might be of interest to you. Would you like me to provide more details about these options?",-0.5180807485068825,gpt-4-0613
gym-boxing,"I'm sorry, we currently do not offer boxing classes. However, we do have kickboxing and karate classes that you might be interested in. These classes can provide similar benefits like improving strength, endurance and flexibility.",-0.3970450468169069,gpt-4-0613
gym-boxing,"I'm sorry, we currently don't offer boxing classes specifically. However, we do have kickboxing and karate classes that you may be interested in. These classes also focus on many similar techniques. Would you like more information about these?",-0.5189314003411375,gpt-4-0613
kidsActivities-crafts,"I'm sorry, but we currently do not offer a pottery class. However, we do have a watercolor painting class and a carpentry workshop that might interest you, along with an acrobics class.",-0.3834099348564095,gpt-4-0613
kidsActivities-crafts,"I'm sorry, but we don't offer a pottery class. However, we do have a watercolor painting class and a carpentry workshop that you might find interesting.",-0.18780534502633972,gpt-4-0613
kidsActivities-crafts,"I'm sorry, but we currently don't offer a pottery class. We do have a watercolor painting class, a carpentry workshop, and an acrobatics class available. Would any of these interest you?",-0.20099403336462787,gpt-4-0613
kidsActivities-crafts,"I'm sorry, but we don't currently offer a pottery class. However, we have a watercolor painting class and a carpentry workshop which are both great for creativity and craft-making, or an acrobatics class if you're interested in more physical activity.",-0.5860297257872076,gpt-4-0613
kidsActivities-crafts,"I'm sorry, but we do not offer a pottery class at our camp. However, we do have a watercolor painting class and a carpentry workshop that you might be interested in. Would you like to learn more about those?",-0.4005716248616234,gpt-4-0613
kidsActivities-sports,"I'm sorry, we don't have a specific gymnastics class. However, we do offer an acrobatics class which includes many similar elements to gymnastics. Would you be interested in signing up for it?",-0.36373122453424883,gpt-4-0613
kidsActivities-sports,"I'm sorry, we don't have a gymnastics class, but we do have an acrobatics class that you might enjoy. Would you like to sign up for that?",-0.25067380156325,gpt-4-0613
kidsActivities-sports,"""We don't have a specific gymnastics class, but our acrobatics class covers many of the same skills and exercises. Would you like to sign up for that?""",-0.4719330533847734,gpt-4-0613
kidsActivities-sports,"No, we don't have a gymnastics class specifically, but we do offer an acrobatics class that you might enjoy. It involves core strength, flexibility, and balance just like gymnastics. Would you be interested in signing up for that?",-200.28158357406534,gpt-4-0613
kidsActivities-sports,"No, I'm sorry, but we don't have a gymnastics class. However, we do have an acrobatics class which includes many similar elements to gymnastics. Would you be interested in that, or perhaps in the karate or watercolor painting class?",-0.46982675831618514,gpt-4-0613
friendsActivities-boardGames,"I'm sorry, I don't have Scrabble at the moment. But we have Monopoly, checkers, and some movies we can enjoy.",-0.15730698624161335,gpt-4-0613
friendsActivities-boardGames,"I'm sorry, but I don't have Scrabble. However, I do have Monopoly, checkers, and some movies we can enjoy. Would any of those work for you?",-0.26397590864104314,gpt-4-0613
friendsActivities-boardGames,"I'm sorry, I don't have Scrabble. But we do have Monopoly, checkers, and some movies we can enjoy. Would any of these options be fun for you?",-0.34719740705156055,gpt-4-0613
friendsActivities-boardGames,"Sorry, I don't have Scrabble at the moment. But I do have Monopoly, checkers, and we can watch some movies. Can we choose from these options for tonight?",-263.73446767857484,gpt-4-0613
friendsActivities-boardGames,"I'm sorry, I don't have Scrabble at the moment. However, we do have Monopoly, checkers, and some great movies to choose from. I'm sure we'll still have a great time!",-0.3324972989856682,gpt-4-0613
friendsActivities-videoEntertainment,"Yes, indeed I do have Netflix! Feel free to pick any movie or series you'd like to watch.",-0.7707805809614999,gpt-4-0613
friendsActivities-videoEntertainment,"Yes, I do have Netflix. We can definitely include watching some shows or movies in our plans tonight if you'd like.",-0.5175138099176,gpt-4-0613
friendsActivities-videoEntertainment,"Yes, I do have Netflix. We can definitely consider it as one of our entertainment options tonight!",-0.7038270903684001,gpt-4-0613
friendsActivities-videoEntertainment,"Yes, I do have Netflix. We can easily switch to streaming if you guys prefer that over the movies or games I've prepared.",-0.4800543749953704,gpt-4-0613
friendsActivities-videoEntertainment,"Yes, I do have Netflix. We can definitely use that as one of our entertainment options tonight.",-0.3695870478512999,gpt-4-0613
interior-green,"I'm sorry, but I currently don't have an aloe vera plant. However, I do have a beautiful agave plant that's similar and just as easy to care for. It would go well with any decor. Would you like to have it?",-0.6336776005261094,gpt-4-0613
interior-green,"I'm sorry, I do not have an aloe vera plant at the moment. However, I do have an agave plant that's quite similar and would make a lovely addition to your new apartment. I also have some tulips and an oil painting that could add some color and vibrancy to your space. Would",-0.4357812331163828,gpt-4-0613
interior-green,"I'm afraid I don't currently have an aloe vera plant. However, I do have an agave plant which is similar in appearance and also very easy to care for. I also have some tulips and an oil painting if you're interested.",-0.3233085284023202,gpt-4-0613
interior-green,"I'm sorry, but I currently don't have an aloe vera plant. What I do have is an agave plant, tulips and an oil painting. Any of these might add a nice touch to your new apartment.",-0.4412105982926051,gpt-4-0613
interior-green,"I'm sorry, I don't have an aloe vera plant at the moment, but I do have an agave plant which is often mistaken for aloe vera because of their similar appearances. It would add some greenery and freshness to your apartment. Also, I have some tulips and an oil painting you might",-0.6623383859532239,gpt-4-0613
interior-deco,"I'm sorry, I don't have any watercolour paintings at the moment. However, I do have an oil painting and some beautiful printed photographs. I also have a lovely agave plant that could add some greenery to your new apartment. Would any of these interest you?",-0.2275195761270536,gpt-4-0613
interior-deco,"I'm sorry, I currently don't have any watercolour paintings. However, I do have an oil painting and some beautifully printed photographs. I also have an agave plant that would really liven up your space. Would you be interested in any of these?",-0.3221239283035745,gpt-4-0613
interior-deco,"I'm sorry, I don't have any watercolour paintings at the moment. However, I do have an oil painting and some lovely printed photographs that might work well in your new apartment. I also have an agave plant which could instantly bring life to any space. Would you be interested in any of these?",-158.99285374872605,gpt-4-0613
interior-deco,"No, I'm sorry, I don't currently have any watercolour paintings. However, I do have an oil painting and some lovely printed photographs that could enhance your new apartment. And, if you're interested, I can also give you an agave plant which can energize your space with some greenery.",-159.21627406325234,gpt-4-0613
interior-deco,"I'm sorry, I don't have any watercolour paintings at the moment. However, I do have an oil painting and some beautifully printed photographs. I also have an agave plant which would add some greenery to your apartment. You are welcome to take whichever you prefer.",-0.36011107960020716,gpt-4-0613
zoo-xl,"I'm sorry sweetheart, but according to the zoo map, there isn't a tiger here. However, we can see a lion, a giraffe, and some iguanas. Would you like that?",-0.25451147004629765,gpt-4-0613
zoo-xl,"I'm sorry sweetie, but it appears there are no tigers at this zoo. We can see lions, giraffes, and iguanas. How about we see the lions first? They are just as impressive as tigers!",-0.4791227684915429,gpt-4-0613
zoo-xl,"I'm sorry, sweetheart, it seems that there isn't a tiger exhibit at this zoo. But will you like to see the lion instead?",-345.3537195262938,gpt-4-0613
zoo-xl,"I'm sorry sweetie, but it seems that there are no tigers in this zoo. Would you like to see the lion or the giraffe first?",-0.44664211160544687,gpt-4-0613
zoo-xl,"I'm sorry sweetheart, but according to the zoo map, there are no tigers here. But we can see lions, giraffes, and iguanas. Would you like to see one of them?",-0.3244085306484488,gpt-4-0613
zoo-reptiles,"I'm sorry, but according to the map we have, the zoo doesn't seem to have a chameleon exhibit. However, there are iguanas and turtles that we can visit in the reptile section. We can also see the lion if you'd like.",-0.6373402100471741,gpt-4-0613
zoo-reptiles,"Sure, let's see if they are on the map. We can plan our route to visit the iguanas, turtles, lion and then search for the chameleon.",-0.622844687897,gpt-4-0613
zoo-reptiles,"Of course, honey! It seems chameleons weren't mentioned on the map but let's ask a zookeeper if they have any. They might be in the reptile section with the iguanas and turtles.",-0.6702388163646177,gpt-4-0613
zoo-reptiles,"""I'm sorry, sweetheart, but it doesn't seem like there are any chameleons at this zoo. We can see iguanas and turtles and even a lion! How does that sound?""",-0.6310647059684158,gpt-4-0613
zoo-reptiles,"Of course, sweetheart. Let's check the zoo map to find out where the chameleons are.",-0.5052583140027364,gpt-4-0613
